idclient,nomclient,naissanceclient,idville
c_1,Martin Pierre,1931-02-04,PAR
c_2,Mustermann Juan,1932-09-04,BOG
c_3,Stuart Anders,1985-07-14,LON
c_4,Andersen Maria,1940-05-09,AMS
c_5,Johansen Erika,1944-09-16,JNB
c_6,Stuart Jean,1930-11-26,ABV
c_7,Perez John,1945-07-20,LIS
c_8,Martin Ingrid,1967-05-30,AMS
c_9,Garcia Marie,1991-05-04,BOG
c_10,Mustermann Marie,1931-12-13,BOG
c_11,Fritz Jean,1965-06-24,BSB
c_12,Dupond Ingrid,1951-01-05,ICD
c_13,Perez Mary,1981-01-18,ABV
c_14,Fritz Marie,1974-08-09,MEX
c_15,Durand Maria,1942-05-08,ALG
c_16,Garcia Anders,1938-05-10,MEL
c_17,Perez John,1990-05-14,ANK
c_18,Stuart Erika,1976-09-16,TYO
c_19,Perez Erika,1934-03-09,OTT
c_20,Stuart Ingrid,1979-11-03,JKT
c_21,Garcia Erika,1940-03-14,JKT
c_22,Stuart Jean,1940-06-20,MEL
c_23,Andersen Mary,1940-09-27,SJO
c_24,Martin Jeanne,1950-10-07,PAR
c_25,Mustermann Mark,1943-04-10,LIS
c_26,Stuart Jean,1992-09-08,SJO
c_27,Dupond Pierre,1958-04-20,BSB
c_28,Smith Maria,1979-09-06,ROM
c_29,Perez Maria,1941-03-05,SJO
c_30,Andersen Juan,1959-04-17,ICD
c_31,Dupuis Erika,1958-06-21,WAS
c_32,Smith Anders,1948-03-01,ANK
c_33,Stuart Anders,1961-12-20,TYO
c_34,Mustermann Erika,1956-06-05,ANK
c_35,Durand Juan,1965-11-23,BOG
c_36,Perez Erika,1979-05-13,MAD
c_37,Andersen Ingrid,1977-09-01,CPH
c_38,Smith Mark,1936-12-31,DUB
c_39,Perez Mark,1972-02-23,JKT
c_40,Dupond John,1943-10-09,PAR
c_41,Fritz Juan,1966-04-13,JKT
c_42,Andersen Mark,1932-04-24,WAS
c_43,Durand Mark,1965-05-05,ROM
c_44,Perez Marie,1965-04-01,ICD
c_45,Dupuis Ingrid,1973-10-29,DUB
c_46,Smith Jeanne,1967-10-27,OTT
c_47,Durand Jean,1975-06-22,PAR
c_48,Fritz Mark,1991-04-30,JNB
c_49,Perez Pierre,1966-12-30,OTT
c_50,Johansen Anders,1985-09-09,ABV
c_51,Durand Erika,1962-02-03,ANK
c_52,Smith Juan,1948-01-25,AMS
c_53,Martin Erika,1944-09-21,CPH
c_54,Johansen Anders,1976-11-17,OTT
c_55,Andersen Erika,1979-10-28,AMS
c_56,Perez Maria,1979-06-03,MAD
c_57,Johansen Pierre,1967-02-17,JNB
c_58,Andersen Mary,1977-10-26,LON
c_59,Esposito Sofia,1987-08-06,MAD
c_60,Martin Mark,1988-02-17,ROM
c_61,Stuart Anders,1965-04-18,DUB
c_62,Stuart Mary,1930-07-14,MEL
c_63,Garcia Mark,1957-08-22,AMS
c_64,Johansen Ingrid,1944-09-23,ABV
c_65,Dupuis Mark,1942-02-16,BOG
c_66,Fritz Juan,1930-03-28,SJO
c_67,Mustermann Pierre,1986-12-19,AMS
c_68,Smith Ingrid,1964-04-25,LON
c_69,Perez Anders,1988-05-10,OTT
c_70,Garcia Marie,1991-02-28,JNB
c_71,Rossi Francisco,1964-09-10,ANK
c_72,Smith Jean,1968-06-07,JNB
c_73,Johansen Jean,1930-01-08,ROM
c_74,Smith Pierre,1965-02-05,MEX
c_75,Andersen Ingrid,1957-08-30,TYO
c_76,Durand Jean,1978-09-20,ANK
c_77,Stuart Ingrid,1953-11-06,CPH
c_78,Mustermann Maria,1937-02-02,ABV
c_79,Fritz Mary,1931-02-19,AMS
c_80,Mustermann Maria,1962-07-15,MEX
c_81,Martin Marie,1952-03-12,LIS
c_82,Fritz Jean,1972-03-08,JKT
c_83,Mustermann Jean,1958-12-11,ALG
c_84,Perez Mary,1939-03-18,BSB
c_85,Mustermann Anders,1991-07-18,WAS
c_86,Dupond Jean,1967-08-24,ALG
c_87,Perez Marie,1940-08-03,OTT
c_88,Garcia Marie,1940-03-28,LIS
c_89,Perez Anders,1955-09-17,MEX
c_90,Dupond Pierre,1947-02-02,OTT
c_91,Fritz John,1958-07-04,LON
c_92,Johansen Marie,1978-07-02,BSB
c_93,Mustermann Maria,1977-10-19,CPH
c_94,Durand Anders,1932-03-12,JKT
c_95,Mustermann Erika,1934-06-18,JNB
c_96,Dupuis Erika,1961-09-27,MEL
c_97,Fritz Pierre,1965-08-05,AMS
c_98,Garcia Erika,1987-01-24,BSB
c_99,Perez Anders,1946-06-24,JNB
c_100,Stuart John,1944-06-12,CPH
